"","ADDRESSBLOCKHOUSENUMBER","LATITUDE","EST_ORIGINAL_COMPLETION_DATE","STATUS","APPROXIMATE_GFA","LONGITUDE","INFO_ON_CO_LOCATORS","AWARDED_DATE","LANDYADDRESSPOINT","PHOTOURL","DESCRIPTION","NAME","ADDRESSTYPE","ADDRESSBUILDINGNAME","HUP_COMPLETION_DATE","LANDXADDRESSPOINT","ADDRESSSTREETNAME","ADDRESSPOSTALCODE","IMPLEMENTATION_DATE","ADDRESS_MYENV","INC_CRC","FMEL_UPD_D"
"1","85",1.33198706861747,"30/6/1977","Existing","",103.938732580554,"","","34910.13","http://www.nea.gov.sg/images/default-source/Hawker-Centres-Division/resize_1267853253145.jpg","HUP Standard Upgrading","85 Fengshan Centre","I","","20/12/2012","39731.49","Bedok North Street 4","460085","","Blk 85, Bedok North Street 4, Singapore 460085","CFC780A1B5DC7721","20210330151704"
"2","85",1.28733076703987,"4/4/1972","Existing","",103.818338919994,"","","29972.02","http://www.nea.gov.sg/images/default-source/Hawker-Centres-Division/resize_1262153717849.jpg","HUP Reconfiguration","Redhill Food Centre","I","","17/6/2005","26332.89","Redhill Lane","150085","","Blk 85, Redhill Lane, Singapore 150085","1D515CA502CE0A60","20210330151704"
"3","590",1.37238494002145,"1974","Existing","884.38",103.828994204342,"","","39376.87","http://www.nea.gov.sg/images/default-source/Hawker-Centres-Division/resize_1262155861677.jpg","HUP Standard Upgrading","Jalan Leban Food Centre","I","","26/2/2003","27518.75","Upper Thomson Road","574419","","590, Upper Thomson Road, Singapore 574419","6CC207917DD43B91","20210330151704"
"4","49A",1.3631571201113,"1957","Existing","2448.2",103.866737484646,"","","38356.53","http://www.nea.gov.sg/images/default-source/Hawker-Centres-Division/resize_1262156095817.jpg","HUP Rebuilding","Serangoon Garden Market","I","","26/9/2002","31719.13","Serangoon Garden Way","555945","","49A, Serangoon Garden Way, Singapore 555945","F3EA4B58784B2F78","20210330151704"
"5","320",1.35200744198417,"25/5/2000","Existing","",103.837031803823,"","","37123.63","http://www.nea.gov.sg/images/default-source/Hawker-Centres-Division/resize_1259901832200.jpg","Not eligible for HUP","Shunfu Mart","I","","","28413.24","Shunfu Road","570320","","Blk 320, Shunfu Road, Singapore 570320","93EF4005DC826C1A","20210330151704"
"6","49",1.31708335109103,"20/9/1976","Existing","",103.879417030673,"","","33261.95","http://www.nea.gov.sg/images/default-source/Hawker-Centres-Division/resize_1262153128123.jpg","HUP Reconfiguration","Sims Vista Market and Food Centre","I","","15/11/2006","33130.31","Sims Place","380049","","Blk 49, Sims Place, Singapore 380049","87604B5AB1B25468","20210330151704"
"7","335",1.28223514826381,"31/5/1983","Existing","",103.843177616296,"","","29408.57","http://www.nea.gov.sg/images/default-source/Hawker-Centres-Division/resize_1265168178798.jpg","HUP Reconfiguration","Chinatown Complex Market","I","","30/4/2008","29097.23","Smith Street","50335","","Blk 335, Smith Street, Singapore 050335","B4A7F7D00E4690FF","20210330151704"
"8","3",1.33458935951076,"23/3/2005","Existing","7770.3",103.721519868629,"","","35197.91","http://www.nea.gov.sg/images/default-source/Hawker-Centres-Division/resize_1262156147897.jpg","HUP Rebuilding","Taman Jurong Market and Food Centre","I","","23/3/2005","15557.970000000001","Yung Sheng Road","618499","","3, Yung Sheng Road, Singapore 618499","45EB3EEB56AAB21F","20210330151704"
"9","137",1.3456395210229,"30/11/1982","Existing","",103.944624481151,"","","36419.78","http://www.nea.gov.sg/images/default-source/Hawker-Centres-Division/resize_1262154543785.jpg","HUP Reconfiguration","Tampines Round Market and Food Centre","I","","8/1/2006","40387.13","Tampines Street 11","521137","","Blk 137, Tampines Street 11, Singapore 521137","F6017D5F1F34E420","20210330151704"
"10","48A",1.30078931480841,"1964","Existing","2030.92",103.797625756738,"","","31460.22","http://www.nea.gov.sg/images/default-source/Hawker-Centres-Division/resize_1262156211794.jpg","HUP Standard Upgrading","Tanglin Halt Market","I","","1/10/2003","24027.71","Tanglin Halt Road","148813","","48A, Tanglin Halt Road, Singapore 148813","74052054BAD38DD9","20210330151704"
"11","6",1.27661461066321,"18/4/1977","Existing","",103.843166992138,"","","28787.08","http://www.nea.gov.sg/images/default-source/Hawker-Centres-Division/blk-6-tanjong-pagar-plaza.jpg","HUP Standard Upgrading","Blk 6 Tanjong Pagar Plaza Market and Food Centre","I","","27/12/2013","29096.05","Tanjong Pagar Plaza","81006","","Blk 6, Tanjong Pagar Plaza, Singapore 081006","90C2DF39720A2465","20210330151704"
"12","37A",1.32084835041654,"1/11/1976","Existing","",103.742891623681,"","","33678.4","http://www.nea.gov.sg/images/default-source/Hawker-Centres-Division/resize_1262153022672.jpg","HUP Rebuilding","Teban Gardens Market and Food Centre","I","","3/1/2008","17936.37","Teban Gardens Road","601037","","Blk 37A, Teban Garden Road, Singapore 601037","D50987C71DBF2D4C","20210330151704"
"13","11",1.27736683810318,"19/10/1974","Existing","",103.818641695106,"","","28870.260000000002","http://www.nea.gov.sg/images/default-source/Hawker-Centres-Division/resize_1267876741836.gif","HUP Standard Upgrading","11 Telok Blangah Crescent Market and Food Centre","I","","15/1/2010","26366.58","Telok Blangah Crescent","90011","","Blk 11, Telok Blangah Crescent, Singapore 090011","917DDC2AA52EDFBD","20210330151704"
"14","79",1.27336828250285,"30/5/1977","Existing","",103.807626838954,"","","28428.13","http://www.nea.gov.sg/images/default-source/Hawker-Centres-Division/resize_1262153497855.jpg","HUP Standard Upgrading","Telok Blangah Food Centre","I","","20/8/2005","25140.71","Telok Blangah Drive","100079","","Blk 79, Telok Blangah Drive, Singapore 100079","47E27FD755A278B1","20210330151704"
"15","82",1.27391379857001,"30/5/1977","Existing","",103.807943567416,"","","28488.45","http://www.nea.gov.sg/images/default-source/Hawker-Centres-Division/resize_1262153608307.jpg","HUP Standard Upgrading","Telok Blangah Market","I","","29/11/2011","25175.96","Telok Blangah Drive","100082","","Blk 82, Telok Blangah Drive, Singapore 100082","1EB09A2246D74491","20210330151704"
"16","36",1.27271579716508,"29/10/1975","Existing","",103.82211725658,"","","28355.97","http://www.nea.gov.sg/images/default-source/Hawker-Centres-Division/resize_1267858653663.jpg","HUP Standard Upgrading","Telok Blangah Rise Market","I","","20/10/2010","26753.38","Telok Blangah Rise","90036","","Blk 36, Telok Blangah Rise, Singapore 090036","336A650EB617CFD9","20210330151704"
"17","30",1.28508825756819,"","Existing","10630.72",103.832348785334,"","","29724.05","http://www.nea.gov.sg/images/default-source/Hawker-Centres-Division/resize_1262156378375.jpg","HUP Rebuilding","Tiong Bahru Market","I","","10/2/2006","27892.07","Seng Poh Road","168898","","30, Seng Poh Road, Singapore 168898","0FAB58D04F39DCE2","20210330151704"
"18","127",1.33809268551386,"11/3/1969","Existing","",103.84473162196,"","","35585.01","http://www.nea.gov.sg/images/default-source/Hawker-Centres-Division/resize_1262154499803.jpg","HUP Reconfiguration","Toa Payoh West Market and Food Court","I","","11/12/2003","29270.15","Lorong 1 Toa Payoh","310127","","Blk 127, Lorong 1 Toa Payoh, Singapore 310127","ED2DB7B7F7FA9EDB","20210330151704"
"19","74",1.33454816495637,"9/9/1968","Existing","",103.851999137527,"","","35193.08","http://www.nea.gov.sg/images/default-source/Hawker-Centres-Division/resize_1262226848493.jpg","HUP Reconfiguration","Toa Payoh Vista Market","I","","1/11/2004","30078.95","Lorong 4 Toa Payoh","310074","","Blk 74, Lorong 4 Toa Payoh, Singapore 310074","0F387A4AD9309826","20210330151704"
"20","93",1.3384747524617,"19/7/1967","Existing","",103.849513484035,"","","35627.26","http://www.nea.gov.sg/images/default-source/Hawker-Centres-Division/resize_1262154305312.jpg","HUP Standard Upgrading","Toa Payoh Lorong 4 Blk 93","I","","20/7/2009","29802.32","Lorong 4 Toa Payoh","310093","","Blk 93, Lorong 4 Toa Payoh, Singapore 310093","8ED7D81782E22725","20210330151704"
"21","75",1.33603882157063,"5/2/1968","Existing","",103.852941556275,"","","35357.91","http://www.nea.gov.sg/images/default-source/Hawker-Centres-Division/resize_1267878144152.jpg","HUP Standard Upgrading","Toa Payoh Lorong 5 Blk 75","I","","21/11/2012","30183.83","Lorong 5 Toa Payoh","310075","","Blk 75, Lorong 5 Toa Payoh, Singapore 310075","83FB95F62E5F0D57","20210330151704"
"22","22",1.33523145909678,"2/3/1970","Existing","",103.857036007166,"","","35268.64","http://www.nea.gov.sg/images/default-source/Hawker-Centres-Division/resize_1265168256123.jpg","HUP Reconfiguration","Kim Keat Palm Market and Food Centre","I","","16/7/2004","30639.5","Lorong 7 Toa Payoh","310022","","Blk 22, Lorong 7 Toa Payoh, Singapore 310022","E43A2111F5B01E10","20210330151704"
"23","210",1.3402608349586,"27/8/1974","Existing","",103.854395279214,"","","35824.76","http://www.nea.gov.sg/images/default-source/Hawker-Centres-Division/resize_1267876959422.jpg","HUP Standard Upgrading","Toa Payoh Lorong 8 Blk 210","I","","30/9/2011","30345.61","Lorong 8 Toa Payoh","310210","","Blk 210, Lorong 8 Toa Payoh, Singapore 310210","AD6CE850AB875900","20210330151704"
"24","17",1.31502804429519,"28/2/1974","Existing","",103.871620273635,"","","33034.67","http://www.nea.gov.sg/images/default-source/Hawker-Centres-Division/resize_1262226056435.jpg","HUP Standard Upgrading","Blk 17 Upper Boon Keng Market and Food Centre","I","","13/1/2009","32262.61","Upper Boon Keng Road","380017","","Blk 17, Upper Boon Keng Road, Singapore 380017","5A26A7AC10A29773","20210330151704"
"25","531A",1.28524640047048,"28/1/1978","Existing","",103.845818885585,"","","29741.54","http://www.nea.gov.sg/images/default-source/Hawker-Centres-Division/resize_1267878882405.jpg","HUP Reconfiguration","Hong Lim Food Centre and Market","","","9/3/2011","29391.18","Upper Cross Street","51531","","Blk 531A, Upper Cross Street, Singapore 051531","A6069393A97212DA","20210330151704"
"26","502",1.31188972115897,"19/1/1995","Existing","",103.759166093858,"","","32687.74","http://www.nea.gov.sg/images/default-source/Hawker-Centres-Division/resize_1265168297394.jpg","Not eligible for HUP","Ayer Rajah Market","I","","","19747.53","West Coast Drive","120502","","Blk 502, West Coast Drive, Singapore 120502","2DBB0A9F6454B21E","20210330151704"
"27","503",1.31180301004196,"26/3/1979","Existing","",103.759751321019,"","","32678.15","http://www.nea.gov.sg/images/default-source/Hawker-Centres-Division/resize_1265168322420.jpg","HUP Standard Upgrading","Ayer Rajah Food Centre","I","","15/12/2002","19812.66","West Coast Drive","120503","","Blk 503, West Coast Drive, Singapore 120503","7A279834C9D8C00D","20210330151704"
"28","90",1.32294306204189,"26/8/1976","Existing","",103.855137696535,"","","33909.85","http://www.nea.gov.sg/images/default-source/Hawker-Centres-Division/resize_1262154207158.jpg","HUP Standard Upgrading","Whampoa Drive Makan Place/Whampoa Food Centre","I","","25/10/2007","30428.25","Whampoa Drive","320090","","Blk 90, Whampoa Drive, Singapore 320090","16F08FA0DF20828F","20210330151704"
"29","91/92",1.32342175143826,"3/1/1973","Existing","",103.85406806286,"","","33962.78","http://www.nea.gov.sg/images/default-source/Hawker-Centres-Division/resize_1262154257763.jpg","HUP Standard Upgrading","Whampoa Drive Makan Place/Whampoa Market","I","","25/10/2007","30309.21","Whampoa Drive","320091","","Blk 91/92, Whampoa Drive, Singapore 320091/320092","38A4F531009B6C26","20210330151704"
"30","51",1.42501763803265,"3/7/2017","Existing (new)","3364",103.844747581861,"","23/10/2015","45196.73","http://www.nea.gov.sg/images/default-source/Hawker-Centres-Division/yishun-hawker-centre.jpg","New Centre","Yishun Park Hawker Centre","","Yishun Park Hawker Centre","","29271.88","Yishun Avenue 11","768867","25/11/2015","Blk 51, Yishun Avenue 11, Singapore 768867","2676B659B081726B","20210330151704"
"31","104/105",1.43144768831222,"31/3/1984","Existing","",103.828537609942,"","","45907.73","http://www.nea.gov.sg/images/default-source/Hawker-Centres-Division/resize_1267438077554.jpg","HUP Standard Upgrading","Chong Pang Market and Food Centre","I","","4/8/2003","27467.95","Yishun Ring Road","760104","","Blk 104/105, Yishun Ring Road, Singapore 760104/760105","A75CB1D53B86E438","20210330151704"
"32","70",1.29234216757957,"1976","Existing","1421.31",103.831189303546,"","","30526.15","http://www.nea.gov.sg/images/default-source/Hawker-Centres-Division/resize_1267879560483.jpg","HUP Standard Upgrading","Zion Riverside Food Centre","I","","5/3/2003","27763.03","Zion Road","247792","","70, Zion Road, Singapore 247792","41709ABECAA2B3FE","20210330151704"
"33","630",1.33315924777343,"30/6/1982","Existing","",103.91405388831,"","","35039.64","http://www.nea.gov.sg/images/default-source/Hawker-Centres-Division/resize_1262155176127.jpg","HUP Rebuilding","Bedok Reservoir Road Blk 630","I","","28/2/2006","36985","Bedok Reservoir Road","470630","","Blk 630, Bedok Reservoir Road, Singapore 470630","BBA7FF2B2C2C130F","20210330151704"
"34","16",1.32055216480957,"12/5/1975","Existing","",103.93553909635,"","","33645.7","http://www.nea.gov.sg/images/default-source/Hawker-Centres-Division/resize_1267853021378.jpg","HUP Standard Upgrading","Bedok South Road Blk 16","I","","20/9/2012","39376.14","Bedok South Road","460016","","Blk 16, Bedok South Road, Singapore 460016","483F3877120EF5AA","20210330151704"
"35","29",1.31921699786807,"17/3/1971","Existing","",103.863021377531,"","","33497.85","http://www.nea.gov.sg/images/default-source/Hawker-Centres-Division/resize_1262226446535.jpg","HUP Standard Upgrading","Bendemeer Market and Food Centre","I","","31/12/2004","31305.63","Bendemeer Road","330029","","Blk 29, Bendemeer Road, Singapore 330029","A7DB5A3E665DE46E","20210330151704"
"36","38A",1.28882210205212,"1965","Existing","1733.074",103.827358017197,"","","30136.920000000002","http://www.nea.gov.sg/images/default-source/Hawker-Centres-Division/resize_1267807628554.jpg","HUP Standard Upgrading","Beo Crescent Market","I","","18/1/2010","27336.64","Beo Crescent","169982","","38A, Beo Crescent, Singapore 169982","D232402B6D84FBBE","20210330151704"
"37","166",1.30733651651517,"1975","Existing","2568.95",103.856853966617,"","","32184.16","http://www.nea.gov.sg/images/default-source/Hawker-Centres-Division/resize_1265176120532.jpg","HUP Standard Upgrading","Berseh Food Centre","I","","5/3/2004","30619.27","Jalan Besar","208877","","166, Jalan Besar, Singapore 208877","A7CCEB2CA6AC0B4B","20210330151704"
"38","221A/B",1.3452231627967,"2/1/1976","Existing","",103.712799765872,"","","36373.79","http://www.nea.gov.sg/images/default-source/Hawker-Centres-Division/resize_1262154766447.jpg","HUP Reconfiguration","Boon Lay Place Market and Food Village","I","","1/8/2004","14587.57","Boon Lay Place","641221","","Blk 221A/B, Boon Lay Place, Singapore 641221/642221","84F8C2B46575585C","20210330151704"
"39","665",1.30620584090733,"31/10/1980","Existing","",103.850530969624,"","","32059.13","http://www.nea.gov.sg/images/default-source/Hawker-Centres-Division/resize_1262156313186.jpg","HUP Standard Upgrading","Tekka Centre/Zhu Jiao Market","I","","30/6/2009","29915.58","Buffalo Road","210665","","Blk 665, Buffalo Road, Singapore 210665","D09ADF3409AC0894","20210330151704"
"40","163",1.28369258928085,"5/5/1980","Existing","",103.816992390295,"","","29569.73","http://www.nea.gov.sg/images/default-source/Hawker-Centres-Division/resize_1267851995788.jpg","Opted out of HUP","Bukit Merah Central Food Centre","I","","","26183.03","Bukit Merah Central","150163","","Blk 163, Bukit Merah Central, Singapore 150163","16F0047A45BF34F9","20210330151704"
"41","120",1.28629777221659,"14/9/1978","Existing","",103.804489277779,"","","29857.81","http://www.nea.gov.sg/images/default-source/Hawker-Centres-Division/resize_1267852344747.jpg","HUP Standard Upgrading","Alexandra Village Food Centre","I","","15/11/2010","24791.54","Bukit Merah Lane 1","150120","","Blk 120, Bukit Merah Lane, Singapore 150120","98A3C26D48032FF5","20210330151704"
"42","115",1.28550478314618,"29/3/1973","Existing","",103.822049361292,"","","29770.11","http://www.nea.gov.sg/images/default-source/Hawker-Centres-Division/resize_1267851251303.jpg","HUP Standard Upgrading","Blk 115 Bukit Merah View Market and Food Centre","I","","28/2/2012","26745.83","Bukit Merah View","151115","","Blk 115, Bukit Merah View, Singapore 151115","7A2BDBF505C0CC30","20210330151704"
"43","2",1.37760053528611,"31/7/2015","Existing (new)","4500",103.772489583206,"","","39953.67","http://www.nea.gov.sg/images/default-source/Hawker-Centres-Division/bukit-panjang-hawker-centre.jpg","New Centre","Bukit Panjang Hawker Centre","","","","21230.49","Bukit Panjang Ring Road","679947","","2 Bukit Panjang Ring Road, Singapore 679947","2FEB0DCC8CCF59D4","20210330151704"
"44","5",1.28159564281228,"24/5/2017","Existing","1817.18",103.848973726501,"","","29337.86","http://www.nea.gov.sg/images/default-source/Hawker-Centres-Division/resize_1262225979894.jpg","Interim Centre","Market Street Interim Hawker Centre","","Market Street Interim Hawker Centre","","29742.29","Cross Street","48418","","5, Cross Street, Singapore 048148","2120FA820A4A9786","20210330151704"
"45","20/21",1.44388181695611,"15/9/1975","Existing","",103.777203165702,"","","47282.71","http://www.nea.gov.sg/images/default-source/Hawker-Centres-Division/resize_1262152527264.jpg","HUP Standard Upgrading","Marsiling Lane Blk 20/21","I","","2/3/2009","21755.23","Marsiling Lane","730020","","Blk 20/21, Marsiling Lane, Singapore 730020/730021","F48BB5AA1CD92E13","20210330151704"
"46","4",1.43353885680037,"8/11/2017","Existing (new)","3661",103.779784899996,"hawker centre/supermarket/shops","4/9/2015","46139.03","http://www.nea.gov.sg/images/default-source/Hawker-Centres-Division/mmhc.jpg","New Replacement Centre","Marsiling Mall Hawker Centre","","Marsiling Mall","","22042.510000000002","Woodlands Street 12","738623","1/1/2016","Blk 4,Woodlands St 12,Singapore 738623","67D9A36B9A97AE82","20210330151704"
"47","1",1.28011223513205,"1935","Existing","3365.392",103.844827863123,"","","29173.83","http://www.nea.gov.sg/images/default-source/Hawker-Centres-Division/resize_1262155734465.jpg","Upgraded prior to HUP","Kim Hua Market","I","","","29280.89","Kadayanallur Street","69184","","1, Kadayanallur Street, Singapore 069184","FE75522D464BE5EA","20210330151704"
"48","159",1.29323622090658,"12/10/1970","Existing","",103.802903901116,"","","30625.03","http://www.nea.gov.sg/images/default-source/Hawker-Centres-Division/resize_1262154581891.jpg","HUP Reconfiguration","Mei Chin Road Market","I","","8/5/2009","24615.11","Mei Chin Road","140159","","Blk 159, Mei Chin Road, Singapore 140159","58C10BCC7F14A9E6","20210330151704"
"49","32",1.28499102169498,"1965","Existing","",103.842578750107,"","","29713.3","http://www.nea.gov.sg/images/default-source/Hawker-Centres-Division/resize_1265168123284.jpg","HUP Standard Upgrading","People's Park Food Centre","I","","27/12/2005","29030.58","New Market Road","50032","","Blk 32, New Market Road, Singapore 050032","431889D30CA6E5AD","20210330151704"
"50","208B",1.32473884451035,"15/11/2014","Existing","",103.93056047823,"","","34108.62","http://www.nea.gov.sg/images/default-source/Hawker-Centres-Division/bedok-interchange-hawker-centre.jpg","New Replacement Centre","New Upper Changi Road Blk 208B","I","","","38822.05","New Upper Changi Road","462208","","Blk 208B, New Upper Changi Road, Singapore 462208","03BAD66511FD945D","20210330151704"
"51","58",1.32418782817919,"27/2/1978","Existing","",103.941132372619,"","","34047.74","http://www.nea.gov.sg/images/default-source/Hawker-Centres-Division/resize_1262153263293.jpg","HUP Standard Upgrading","New Upper Changi Road Blk 58","I","","16/9/2008","39998.6","New Upper Changi Road","461058","","Blk 58, New Upper Changi Road, Singapore 461058","57B99402997CB2CA","20210330151704"
"52","500",1.31189235691653,"1971","Existing","3252.75",103.839562687644,"","","32687.91","http://www.nea.gov.sg/images/default-source/Hawker-Centres-Division/resize_1262155777485.jpg","HUP Standard Upgrading","Newton Food Centre","I","","12/6/2006","28694.91","Clemenceau Ave North","229495","","500, Clemenceau Ave North, Singapore 229495","A3E978497212B9F7","20210330151704"
"53","861",1.30576537802761,"1973","Existing","3004.63",103.863891012338,"","","32010.440000000002","http://www.nea.gov.sg/images/default-source/Hawker-Centres-Division/resize_1262155297184.jpg","HUP Reconfiguration","North Bridge Road Market","I","","17/10/2005","31402.43","North Bridge Road","198783","","861, North Bridge Road, Singapore 198783","3B33AC4CEF5F6B1C","20210330151704"
"54","51",1.30825156309798,"17/2/1973","Existing","",103.885833217727,"","","32285.39","http://www.nea.gov.sg/images/default-source/Hawker-Centres-Division/resize_1262153198645.jpg","HUP Standard Upgrading","51 Old Airport Road Food Centre and Shopping Mall","I","","12/6/2007","33844.39","Old Airport Road","390051","","Blk 51, Old Airport Road, Singapore 390051","49DC3EB4330D8E97","20210330151704"
"55","1",1.35386211773287,"6/8/2016","Existing (new)","2241",103.939726160039,"hawker centre/ community club  offices/regional library/heritage centre/swimming complex/sports facilities/branch hawker centre/office/national arts council/hometeam ns clubhouse/family medical centre/senior care centre","7/5/2014","37328.97","http://www.nea.gov.sg/images/default-source/Hawker-Centres-Division/our-tampines-hub.jpg","New Centre","Our Tampines Hub","","Our Tampines Hub","","39841.96","Tampines Walk","528523","1/8/2013","1 Tampines Walk, Singapore 528523","17E2D59BE03D01F0","20210330151704"
"56","121",1.27590752450201,"1978","Existing","1115.71",103.791402660553,"","","28708.93","http://www.nea.gov.sg/images/default-source/Hawker-Centres-Division/resize_1262155813373.jpg","HUP Standard Upgrading","Pasir Panjang Food Centre","I","","20/5/2002","23335.09","Pasir Panjang Road","118543","","121, Pasir Panjang Road, Singapore 118543","311FCFFE66B6917D","20210330151704"
"57","110",1.37343413973246,"16/10/2017","Existing (new)","4771",103.951543034782,"","15/7/2015","39493.21","http://www.nea.gov.sg/images/default-source/Hawker-Centres-Division/pasir-ris-central-hawker-centre.jpg","New Centre","Pasir Ris Central Hawker Centre","","Pasir Ris Central Hawker Centre","","41156.94","Pasir Ris Central","519641","29/7/2015","Blk 110, Pasir Ris Central, Singapore 519641","0EC198F965C801F8","20210330151704"
"58","270",1.30100146521405,"7/8/1978","Existing","",103.854211645499,"","","31483.66","http://www.nea.gov.sg/images/default-source/Hawker-Centres-Division/resize_1267850253199.jpg","HUP Standard Upgrading","Albert Centre","I","","26/11/2009","30325.21","Queen Street","180270","","Blk 270, Queen Street, Singapore 180270","0906CEDC0663C53A","20210330151704"
"59","2",1.32413422253318,"1974","Existing","941.5",103.814165010384,"","","34041.56","http://www.nea.gov.sg/images/default-source/Hawker-Centres-Division/resize_1267437914368.jpg","HUP Standard Upgrading","Adam Road Food Centre","I","","30/4/2002","25868.4","Adam Road","289876","","2, Adam Road, Singapore 289876","EC26BEAC6FC68D04","20210330151704"
"60","117",1.32064829234987,"15/9/1978","Existing","",103.88701902611,"","","33656.16","http://www.nea.gov.sg/images/default-source/Hawker-Centres-Division/resize_1262154437879.jpg","HUP Standard Upgrading","Blk 117 Aljunied Market and Food Centre","I","","30/11/2005","33976.33","Aljunied Ave 2","380117","","Blk 117, Aljunied Ave 2, Singapore 380117","AA7744C0BF961D25","20210330151704"
"61","",1.27921844263269,"1983","Existing","3539",103.846606784092,"","","29075","http://www.nea.gov.sg/images/default-source/Hawker-Centres-Division/resize_1265968760190.jpg","HUP Standard Upgrading","Telok Ayer Food Centre","I","National Development Building","17/2/2003","29478.87","Telok Ayer Street","69111","","National Development Building, Annex B, Telok Ayer Street, Singapore 069111","81106E0569F14101","20210330151704"
"62","226D",1.36678764523637,"13/10/1976","Existing","",103.839231344066,"","","38757.950000000004","http://www.nea.gov.sg/images/default-source/Hawker-Centres-Division/resize_1262154827180.jpg","HUP Standard Upgrading","Kebun Baru Market and Food Centre","I","","20/1/2010","28658.02","Ang Mo Kio Ave 1","564226","","Blk 226D, Ang Mo Kio Ave 1, Singapore 564226","0177924BDD93F6F1","20210330151704"
"63","341",1.36410517096399,"1979","Existing","",103.848254220438,"","","38461.340000000004","http://www.nea.gov.sg/images/default-source/Hawker-Centres-Division/resize_1275538105392.jpg","HUP Rebuilding","Teck Ghee Court","I","","1/3/2002","29662.16","Ang Mo Kio Ave 1","560341","","Blk 341, Ang Mo Kio Ave 1, Singapore 560341","07D7927BB122EA19","20210330151704"
"64","409",1.36276891777383,"31/7/1979","Existing","",103.855369790045,"","","38313.590000000004","http://www.nea.gov.sg/images/default-source/Hawker-Centres-Division/resize_1275538704472.jpg","HUP Standard Upgrading","Teck Ghee Square","I","","28/11/2011","30454.04","Ang Mo Kio Ave 10","560409","","Blk 409, Ang Mo Kio Ave 10, Singapore 560409","6728AD9466975650","20210330151704"
"65","453A",1.36824049310006,"11/4/1979","Existing","",103.856351437414,"","","38918.61","http://www.nea.gov.sg/images/default-source/Hawker-Centres-Division/resize_1259902043777.jpg","HUP Standard Upgrading","Chong Boon Market and Food Centre","I","","1/1/2002","30563.28","Ang Mo Kio Ave 10","561453","","Blk 453A, Ang Mo Kio Ave 10, Singapore 561453","D0070B6740BA2459","20210330151704"
"66","527",1.37276992816898,"24/12/1979","Existing","",103.854482811591,"","","39419.450000000004","http://www.nea.gov.sg/images/default-source/Hawker-Centres-Division/resize_1265165592824.jpg","HUP Reconfiguration","Cheng San Market and Cooked Food Centre","I","","21/2/2004","30355.32","Ang Mo Kio Ave 10","560527","","Blk 527, Ang Mo Kio Ave 10, Singapore 560527","4658734009F689AC","20210330151704"
"67","160/162",1.37448912101909,"30/6/1981","Existing","",103.839214290038,"","","39609.54","http://www.nea.gov.sg/images/default-source/Hawker-Centres-Division/resize_1265165416622.jpg","HUP Standard Upgrading","Mayflower Market","I","","31/12/2008","28656.12","Ang Mo Kio Ave 4","560160","","Blk 160/162, Ang Mo Kio Ave 4, Singapore 560160/560162","546287EB6E4D82D7","20210330151704"
"68","628",1.38102486670548,"31/12/1979","Existing","",103.840682307297,"","","40332.23","http://www.nea.gov.sg/images/default-source/Hawker-Centres-Division/blk-628-ang-mo-kio-ave-4.jpg","HUP Rebuilding","Ang Mo Kio 628 Market","I","","16/12/2009","28819.49","Ang Mo Kio Ave 4","560628","","Blk 628, Ang Mo Kio Ave 4, Singapore 560628","CE6A36B469B2B914","20210330151704"
"69","724",1.37219743270045,"31/1/1980","Existing","",103.846519219268,"","","39356.14","http://www.nea.gov.sg/images/default-source/Hawker-Centres-Division/resize_1262155216756.jpg","HUP Reconfiguration","Blk 724 Ang Mo Kio Market","I","","2/1/2008","29469.07","Ang Mo Kio Ave 6","560724","","Blk 724, Ang Mo Kio Ave 6, Singapore 560724","8285869DC2133C35","20210330151704"
"70","226H",1.36723014879667,"30/9/1976","Existing","",103.839953165936,"","","38806.88","http://www.nea.gov.sg/images/default-source/Hawker-Centres-Division/resize_1259901689557.jpg","HUP Reconfiguration","Kebun Baru Food Centre","I","","13/12/2003","28738.350000000002","Ang Mo Kio Street 22","568226","","Blk 226H, Ang Mo Kio Street 22, Singapore 568226","69908CB7FA26111C","20210330151704"
"71","1",1.32035600765426,"1971","Existing","1081.18",103.955474150677,"","","33624.11","http://www.nea.gov.sg/images/default-source/Hawker-Centres-Division/resize_1265176030572.jpg","HUP Rebuilding","Bedok Food Centre","I","","6/2/2005","41594.72","Bedok Road","469572","","1, Bedok Road, Singapore 469572","5074BAFF0FF40404","20210330151704"
"72","216",1.32706240888967,"21/8/1979","Existing","",103.933221544751,"","","34365.56","http://www.nea.gov.sg/images/default-source/Hawker-Centres-Division/resize_1262154705733.jpg","HUP Standard Upgrading","Bedok North Street 1 Blk 216","I","","15/12/2008","39118.19","Bedok North Street 1","460216","","Blk 216, Bedok North Street 1, Singapore 460216","B8E4DB8C5DC40E07","20210330151704"
"73","511",1.33324627868937,"16/3/1979","Existing","",103.930602144469,"","","35049.33","http://www.nea.gov.sg/images/default-source/Hawker-Centres-Division/resize_1265166047112.jpg","HUP Standard Upgrading","Kaki Bukit 511 Market and Food Centre","I","","1/7/2004","38826.65","Bedok North Street 3","460511","","Blk 511, Bedok North Street 3, Singapore 460511","29D02D34F4826475","20210330151704"
"74","538",1.33178125123252,"30/4/1979","Existing","",103.924844235398,"","","34887.31","http://www.nea.gov.sg/images/default-source/Hawker-Centres-Division/resize_1262227194623.jpg","HUP Standard Upgrading","Bedok North Street 3 Blk 538","I","","3/12/2010","38185.86","Bedok North Street 3","460538","","Blk 538, Bedok North Street 3, Singapore 460538","F1A5DD5A88C6320D","20210330151704"
"75","79",1.2878581025663,"1/1/1969","Existing","",103.818402623449,"","","30030.33","http://www.nea.gov.sg/images/default-source/Hawker-Centres-Division/resize_1262153664347.jpg","HUP Reconfiguration","Redhill Market","I","","28/6/2005","26339.98","Redhill Lane","150079","","Blk 79, Redhill Lane, Singapore 150079","ECAC58C7830DA23E","20210330151704"
"76","51",1.33937596351523,"1975","Existing","3310.64",103.775995008012,"","","35726.98","http://www.nea.gov.sg/images/default-source/Hawker-Centres-Division/resize_1265176195262.jpg","HUP Standard Upgrading","Bukit Timah Market","I","","2/1/2003","21620.5","Upper Bukit Timah Road","588215","","51, Upper Bukit Timah Road, Singapore 588215","FD4DDC8C44684285","20210330151704"
"77","41A",1.31615991374589,"18/12/1981","Existing","",103.850225081031,"","","33159.8","http://www.nea.gov.sg/images/default-source/Hawker-Centres-Division/resize_1265166819326.jpg","HUP Reconfiguration","Pek Kio Market and Food Centre","I","","7/3/2003","29881.53","Cambridge Road","211041","","Blk 41A, Cambridge Road, Singapore 211041","FBD170F330300185","20210330151704"
"78","2&3",1.38915172065006,"12/11/1975","Existing","",103.988245749103,"","","41231.42","http://www.nea.gov.sg/images/default-source/Hawker-Centres-Division/resize_1267846802175.jpg","HUP Standard Upgrading","Changi Village Blk 2 and 3","I","","28/12/2012","45241.4","Changi Village Road","500002","","Blk 2/3, Changi Village Road, Singapore 500002/500003","DC5973E8261726EB","20210330151704"
"79","20",1.36422852315868,"1972","Existing","613.55",103.866536130299,"","","38475","http://www.nea.gov.sg/images/default-source/Hawker-Centres-Division/resize_1262155330191.jpg","HUP Standard Upgrading","Chomp Chomp Food Centre","I","","31/3/2004","31696.72","Kensington Park Road","557269","","20, Kensington Park Road, Singapore 557269","FD83AAB03A20C9C8","20210330151704"
"80","51",1.37542896666561,"2/7/2015","Existing (new)","2047.29",103.882977999397,"hawker centre/community club/family medicine clinic/senior care centre","","39713.520000000004","http://www.nea.gov.sg/images/default-source/Hawker-Centres-Division/ci-yuan-hawker-centre.jpg","New Centre","Ci Yuan Hawker Centre","","","","33526.48","Hougang Avenue 9","538776","","51 Hougang Avenue 9, Singapore 538776","2AA90E9CB7222D3A","20210330151704"
"81","79/79A",1.32644992167231,"31/3/1971","Existing","",103.885043500019,"","","34297.67","http://www.nea.gov.sg/images/default-source/Hawker-Centres-Division/resize_1280824598.jpg","HUP Standard Upgrading","Circuit Road Blk 79/79A","I","","11/5/2010","33756.46","Circuit Road","370079","","Blk 79/79A, Circuit Road, Singapore 370079/371079","B1F15E00618BA3B5","20210330151704"
"82","80",1.32784956142548,"1/9/1967","Existing","",103.887128535137,"","","34452.44","http://www.nea.gov.sg/images/default-source/Hawker-Centres-Division/resize_1262153912521.jpg","HUP Reconfiguration","80 Circuit Road Market and Food Centre","I","","22/2/2003","33988.5","Circuit Road","370080","","Blk 80, Circuit Road, Singapore 370080","3BE7F742E98EBFE9","20210330151704"
"83","89",1.32344525333847,"1/9/1967","Existing","",103.885449224256,"","","33965.43","http://www.nea.gov.sg/images/default-source/Hawker-Centres-Division/resize_1262154127554.jpg","HUP Standard Upgrading","Circuit Road Blk 89","I","","8/4/2009","33801.62","Circuit Road","370089","","Blk 89, Circuit Road, Singapore 370089","4EDE2CCE3A356895","20210330151704"
"84","353",1.31436772839327,"26/1/1978","Existing","",103.770836740843,"","","32961.71","http://www.nea.gov.sg/images/default-source/Hawker-Centres-Division/resize_1267847852167.jpg","HUP Standard Upgrading","Clementi Ave 2 Market/Cooked Food Centre","I","","25/10/2012","21046.37","Clementi Ave 2","120353","","Blk 353, Clementi Ave 2, Singapore 120353","42176A301ABBD91A","20210330151704"
"85","448",1.31326486994113,"12/1/1980","Existing","",103.764510533078,"","","32839.78","http://www.nea.gov.sg/images/default-source/Hawker-Centres-Division/resize_1267848308255.jpg","HUP Standard Upgrading","Clementi Ave 3 Blk 448","I","","29/10/2010","20342.32","Clementi Ave 3","120448","","Blk 448, Clementi Ave 3, Singapore 120448","FDAC6B2723D97329","20210330151704"
"86","726",1.3037819726711,"29/11/1980","Existing","",103.764264410293,"","","31791.21","http://www.nea.gov.sg/images/default-source/Hawker-Centres-Division/resize_1262155262246.jpg","HUP Standard Upgrading","Clementi West Street 2 Blk 726","I","","26/11/2009","20314.9","Clementi West Street 2","120726","","Blk 726, Clementi West Street 2, Singapore 120726","3B5F054B978C6724","20210330151704"
"87","31",1.3068922760844,"1965","Existing","3040.58",103.800362825517,"","","32135.05","http://www.nea.gov.sg/images/default-source/Hawker-Centres-Division/resize_1265167388780.jpg","HUP Rebuilding","Commonwealth Crescent Market","I","","18/8/2004","24332.33","Commonwealth Crescent","149644","","31, Commonwealth Crescent, Singapore 149644","35C408FD964DAE7E","20210330151704"
"88","1A/2A/3A",1.29971330531884,"16/11/1981","Existing","",103.797875477439,"","","31341.24","http://www.nea.gov.sg/images/default-source/Hawker-Centres-Division/commonwealth.jpg","HUP Standard Upgrading","Tanglin Halt Food Centre/Commonwealth Drive Food Centre","I","","15/1/2010","24055.5","Commonwealth Drive","141001","","Blk 1A/ 2A/ 3A, Commonwealth Drive, Singapore 140001/140002/140003","B823DC77E8881910","20210330151704"
"89","271",1.30941418731185,"1974","Existing","984",103.90182514721,"","","32413.99","http://www.nea.gov.sg/images/default-source/Hawker-Centres-Division/resize_1262155459807.jpg","HUP Standard Upgrading","Dunman Food Centre","I","","3/12/2002","35624.14","Onan Road","424768","","271, Onan Road, Singapore 424768","5924E48967AD2F1B","20210330151704"
"90","1220",1.30668431820832,"1978","Existing","3600.16",103.935016747249,"","","32112.260000000002","http://www.nea.gov.sg/images/default-source/Hawker-Centres-Division/resize_1262155504536.jpg","HUP Rebuilding","East Coast Lagoon Food Village","I","","10/12/2003","39318.07","East Coast Parkway","468960","","1220, East Coast Parkway, Singapore 468960","1D6E51B459D243DC","20210330151704"
"91","7",1.31624573118373,"26/3/1976","Existing","",103.805636386821,"","","33169.3","http://www.nea.gov.sg/images/default-source/Hawker-Centres-Division/resize_1262152572393.jpg","HUP Standard Upgrading","Empress Road Market and Food Centre","I","","2/12/2008","24919.24","Empress Road","260007","","Blk 7, Empress Road, Singapore 260007","2DAAEFC79D87F782","20210330151704"
"92","4A",1.32033178221424,"7/7/2000","Existing","",103.904260878989,"","","33621.21","http://www.nea.gov.sg/images/default-source/Hawker-Centres-Division/resize_1267873497497.jpg","HUP Standard Upgrading","Eunos Crescent Blk 4A","I","","30/3/2012","35895.18","Eunos Crescent","402004","","Blk 4A, Eunos Crescent, Singapore 402004","E0DC5CBB9268718E","20210330151704"
"93","69",1.32146226027018,"16/1/1974","Existing","",103.870004415152,"","","33746.13","http://www.nea.gov.sg/images/default-source/Hawker-Centres-Division/blk-69-geylang-bahru.jpg","Opted out of HUP","Blk 69 Geylang Bahru Market and Food Centre","I","","","32082.77","Geylang Bahru","330069","","Blk 69, Geylang Bahru, Singapore 330069","1CDA71371CC2DA75","20210330151704"
"94","",1.3167281476983,"3/7/2009","Existing","11534.9",103.898224315881,"","","33222.72","http://www.nea.gov.sg/images/default-source/Hawker-Centres-Division/resize_1262155542468.jpg","HUP Rebuilding","Geylang Serai Market","I","","3/7/2009","35223.38","Geylang Serai","402001","","1, Geylang Serai, Singapore 402001","A247BF61FBD3E2E3","20210330151704"
"95","20",1.31099627311591,"24/1/1977","Existing","",103.788230657145,"","","32588.87","http://www.nea.gov.sg/images/default-source/Hawker-Centres-Division/resize_1267848628803.jpg","Opted out of HUP","Ghim Moh Road Blk 20","I","","","22982.14","Ghim Moh Road","270020","","Blk 20, Ghim Moh Road, Singapore 270020","8A5C1B47E9725C03","20210330151704"
"96","505",1.30287548090781,"1975","Existing","6249.229",103.863883249985,"","","31690.89","http://www.nea.gov.sg/images/default-source/Hawker-Centres-Division/resize_1262155571228.jpg","HUP Standard Upgrading","Golden Mile Food Centre","I","","4/7/2002","31401.57","Beach Road","199583","","505, Beach Road, Singapore 199583","68D2109268BB12D3","20210330151704"
"97","13/14",1.3151420505272,"30/7/1977","Existing","",103.895609494855,"","","33047.33","http://www.nea.gov.sg/images/default-source/Hawker-Centres-Division/resize_1267848993155.jpg","HUP Reconfiguration","Haig Road Market and Cooked Food Centre","I","","4/8/2010","34932.38","Haig Road","430013","","Blk 13/14, Haig Road, Singapore 430013/430014","110148A54339D2AF","20210330151704"
"98","22A/B",1.28797543998733,"16/11/1969","Existing","",103.829626834637,"","","30043.3","http://www.nea.gov.sg/images/default-source/Hawker-Centres-Division/resize_1262152823428.jpg","HUP Standard Upgrading","Havelock Road Cooked Food Centre","I","","27/4/2007","27589.14","Havelock Road","161022","","Blk 22A/B, Havelock Road, Singapore 161022/162022","1CFBA3CBF816CC4F","20210330151704"
"99","44",1.30811775909823,"31/1/1999","Existing","",103.792773765463,"","","32270.57","http://www.nea.gov.sg/images/default-source/Hawker-Centres-Division/resize_1267849222112.jpg","HUP Standard Upgrading","Holland Drive Market and Food Centre","I","","31/3/2014","23487.74","Holland Drive","270044","","Blk 44, Holland Drive, Singapore 270044","A15ED2B9E5ED3A17","20210330151704"
"100","1",1.31090802808558,"Pre-War","Existing","1512.38",103.794862936127,"","","32579.100000000002","http://www.nea.gov.sg/images/default-source/Hawker-Centres-Division/resize_1267415509849.jpg","HUP Rebuilding","Holland Village Market and Food Centre","I","","12/12/2005","23720.25","Lorong Mambong","277700","","1, Lorong Mambong, Singapore 277700","69A5ED12F17FF1A2","20210330151704"
"101","105",1.35383739101169,"30/6/1982","Existing","",103.890081064953,"","","37326.05","http://www.nea.gov.sg/images/default-source/Hawker-Centres-Division/resize_1259901634108.jpg","HUP Rebuilding","Hougang 105 Hainanese Village Centre","I","","11/11/2005","34317.020000000004","Hougang Ave 1","530105","","Blk 105, Hougang Ave 1, Singapore 530105","47665F14287E07ED","20210330151704"
"102","209",1.35911942212642,"30/9/1983","Existing","",103.885977616903,"","","37910.1","http://www.nea.gov.sg/images/default-source/Hawker-Centres-Division/resize_1267849628846.jpg","HUP Standard Upgrading","Kovan Hougang Market and Food Centre","I","","24/1/2011","33860.340000000004","Hougang Street 21","530209","","Blk 209, Hougang Street 21, Singapore 530209","5F6AEDB798290159","20210330151704"
"103","4A",1.30241881353449,"3/1/1969","Existing","",103.88394058022,"","","31640.43","http://www.nea.gov.sg/images/default-source/Hawker-Centres-Division/resize_1267874223880.jpg","HUP Standard Upgrading","Blk 4A Jalan Batu Hawker Centre/Market","I","","16/2/2012","33633.770000000004","Jalan Batu","432004","","Blk 4A, Jalan Batu, Singapore 432004","551478E060A1C8F0","20210330151704"
"104","112",1.28000481198881,"1/1/1969","Existing","",103.826013285715,"","","29161.95","http://www.nea.gov.sg/images/default-source/Hawker-Centres-Division/resize_1267874698833.jpg","HUP Standard Upgrading","Blk 112 Jalan Bukit Merah Market and Food Centre","I","","28/11/2013","27186.98","Jalan Bukit Merah","160112","","Blk 112, Jalan Bukit Merah, Singapore 160112","F6CA40B9C5AB229D","20210330151704"
"105","6",1.28695275198944,"11/10/1974","Existing","",103.808127999318,"","","29930.23","http://www.nea.gov.sg/images/default-source/Hawker-Centres-Division/resize_1267760203.jpg","HUP Reconfiguration","ABC Brickworks Market/Food Centre","I","","11/8/2006","25196.5","Jalan Bukit Merah","150006","","Blk 6, Jalan Bukit Merah, Singapore 150006","D9BD256FB27FC06C","20210330151704"
"106","1",1.28823055540002,"21/1/1969","Existing","",103.839945947186,"","","30071.510000000002","http://www.nea.gov.sg/images/default-source/Hawker-Centres-Division/resize_1267874440744.jpg","HUP Standard Upgrading","Kukoh 21 Food Centre","I","","4/10/2010","28737.57","Jalan Kukoh","161001","","Blk 1, Jalan Kukoh, Singapore 161001","8943084A1D332148","20210330151704"
"107","347",1.34531247026793,"17/10/1984","Existing","",103.731579747132,"","","36383.57","http://www.nea.gov.sg/images/default-source/Hawker-Centres-Division/resize_1275537901886.jpg","HUP Standard Upgrading","Yuhua Market and Hawker Centre","I","","31/12/2002","16677.58","Jurong East Ave 1","600347","","Blk 347, Jurong East Ave 1, Singapore 600347","6C864243CCBEA1C0","20210330151704"
"108","254",1.34344213770991,"30/4/1983","Existing","",103.737781231485,"","","36176.73","http://www.nea.gov.sg/images/default-source/Hawker-Centres-Division/resize_1265167615307.jpg","HUP Reconfiguration","Yuhua Village Market and Food Centre","I","","5/7/2006","17367.73","Jurong East Street 24","600254","","Blk 254, Jurong East Street 24, Singapore 600254","037A6F1E0D6FBE79","20210330151704"
"109","505",1.34964224318434,"16/1/1985","Existing","",103.71844754363,"","","36862.4","http://www.nea.gov.sg/images/default-source/Hawker-Centres-Division/resize_1262155040710.jpg","HUP Standard Upgrading","Jurong West Street 52 Blk 505","I","","2/1/2009","15216.130000000001","Jurong West Street 52","640505","","Blk 505, Jurong West Street 52, Singapore 640505","0AE38DCCD1264CB7","20210330151704"
"110","17",1.30739616009942,"1959","Existing","2629.19",103.884130183315,"","","32190.8","http://www.nea.gov.sg/images/default-source/Hawker-Centres-Division/resize_1262155698415.jpg","HUP Standard Upgrading","Kallang Estate Fresh Market and Food Centre","I","","31/10/2003","33654.86","Old Airport Road","397972","","17, Old Airport Road, Singapore 397972","2F0C253383E628A3","20210330151704"
"111","676",1.43993283228134,"8/5/2017","Existing (new)","3440",103.800696448529,"studio apartments/supermarket/shops/specialist centre/senior care centre/child care centre/senior activity centre","17/10/2014","46846","http://www.nea.gov.sg/images/default-source/Hawker-Centres-Division/kampung-admiralty-hawker-centre.jpg","New Centre","Kampung Admiralty Hawker Centre","","Kampung Admiralty","","24369.66","Woodlands Drive 71","730676","1/4/2014","Blk 676, Woodlands Drive 71, Singapore 730676","8E56FA1F3FFB53FC","20210330151704"
"112","84",1.30228513841822,"23/8/1976","Existing","",103.906338526157,"","","31625.71","http://www.nea.gov.sg/images/default-source/Hawker-Centres-Division/resize_1267875360164.jpg","Opted out of HUP","84 Marine Parade Central Market and Food Centre","I","","","36126.46","Marine Parade Central","440084","","Blk 84, Marine Parade Central, Singapore 440084","069C7A0A2A7BDE00","20210330151704"
"113","50A",1.30577514781108,"3/3/1975","Existing","",103.915761950557,"","","32011.65","http://www.nea.gov.sg/images/default-source/Hawker-Centres-Division/resize_1262153165514.jpg","HUP Standard Upgrading","50A Marine Terrace","I","","22/12/2008","37175.19","Marine Terrace","441050","","Blk 50A, Marine Terrace, Singapore 441050","6834B49032645709","20210330151704"
